Date,Narration,Chq./Ref.No.,Value Dt,Withdrawal Amt.,Deposit Amt.,Closing Balance
05/05/2026,UPI/RAZORPAY/TECHVISTA/INV-PMT,UPI/512345789,05/05/2026,,521088.00,1021088.00
07/05/2026,NEFT/MEGACORP-INDIA/INV-2026-27,NEFT/AXR4567,07/05/2026,,962280.00,1983368.00
10/05/2026,GSTPMT-CGST-SGST-MAY-2026,GST/2026/05,10/05/2026,15000.00,,1968368.00
12/05/2026,STAFF SALARY MAY/EMP-BATCH-1,SAL/2026/05/B1,12/05/2026,180000.00,,1788368.00
14/05/2026,IMPS/AWS-CLOUD-FEES/MUMBAI,IMPS/9988221,14/05/2026,8500.00,,1779868.00
18/05/2026,UPI/AMAZONBUSINESS/OFFICE-SUPP,UPI/AMZN90234,18/05/2026,12500.00,,1767368.00
22/05/2026,RAZORPAY-PAYOUT/Q-2026-27-0010,RZP/POUT123,22/05/2026,,75000.00,1842368.00
25/05/2026,INTERNETBANKING-CHRG-MAY,IBC/2026/05,25/05/2026,1180.00,,1841188.00
28/05/2026,NEFT/CUSTOMER-LEGACY-INC,NEFT/LEG88231,28/05/2026,,250000.00,2091188.00
